{
  "per_model_condition": {
    "llama-3.3-70b|bare": {
      "n": 76,
      "silent_wrong": 12,
      "silent_wrong_rate": 0.15789473684210525,
      "silent_wrong_ci": [
        0.09269405994267452,
        0.25601638674176064
      ],
      "silent_wrong_value": 7,
      "correct": 54,
      "overt_wrong": 10,
      "error": 0
    },
    "llama-3.3-70b|mitigation": {
      "n": 76,
      "silent_wrong": 4,
      "silent_wrong_rate": 0.05263157894736842,
      "silent_wrong_ci": [
        0.020655095015801955,
        0.1276585660330748
      ],
      "silent_wrong_value": 4,
      "correct": 43,
      "overt_wrong": 29,
      "error": 0
    },
    "qwen3.5-9b|bare": {
      "n": 76,
      "silent_wrong": 8,
      "silent_wrong_rate": 0.10526315789473684,
      "silent_wrong_ci": [
        0.054310612607017986,
        0.19420144125963795
      ],
      "silent_wrong_value": 8,
      "correct": 54,
      "overt_wrong": 8,
      "error": 6
    },
    "qwen3.5-9b|mitigation": {
      "n": 76,
      "silent_wrong": 4,
      "silent_wrong_rate": 0.05263157894736842,
      "silent_wrong_ci": [
        0.020655095015801955,
        0.1276585660330748
      ],
      "silent_wrong_value": 4,
      "correct": 59,
      "overt_wrong": 8,
      "error": 5
    }
  },
  "per_model_family": {
    "llama-3.3-70b|calendar": {
      "n": 8,
      "silent_wrong": 0,
      "silent_wrong_rate": 0.0,
      "silent_wrong_ci": [
        0.0,
        0.3244156195108769
      ]
    },
    "llama-3.3-70b|dst": {
      "n": 12,
      "silent_wrong": 4,
      "silent_wrong_rate": 0.3333333333333333,
      "silent_wrong_ci": [
        0.13811783989736134,
        0.609382412602386
      ]
    },
    "llama-3.3-70b|epoch": {
      "n": 8,
      "silent_wrong": 0,
      "silent_wrong_rate": 0.0,
      "silent_wrong_ci": [
        0.0,
        0.3244156195108769
      ]
    },
    "llama-3.3-70b|naive_aware": {
      "n": 24,
      "silent_wrong": 4,
      "silent_wrong_rate": 0.16666666666666666,
      "silent_wrong_ci": [
        0.06678568000728924,
        0.3585347038786943
      ]
    },
    "llama-3.3-70b|parsing": {
      "n": 8,
      "silent_wrong": 0,
      "silent_wrong_rate": 0.0,
      "silent_wrong_ci": [
        0.0,
        0.3244156195108769
      ]
    },
    "llama-3.3-70b|tz_conversion": {
      "n": 16,
      "silent_wrong": 4,
      "silent_wrong_rate": 0.25,
      "silent_wrong_ci": [
        0.10181901984237346,
        0.49498768929398645
      ]
    },
    "qwen3.5-9b|calendar": {
      "n": 8,
      "silent_wrong": 2,
      "silent_wrong_rate": 0.25,
      "silent_wrong_ci": [
        0.07147768885802763,
        0.5907301208974108
      ]
    },
    "qwen3.5-9b|dst": {
      "n": 12,
      "silent_wrong": 1,
      "silent_wrong_rate": 0.08333333333333333,
      "silent_wrong_ci": [
        0.014864709450773478,
        0.35388592179859524
      ]
    },
    "qwen3.5-9b|epoch": {
      "n": 8,
      "silent_wrong": 0,
      "silent_wrong_rate": 0.0,
      "silent_wrong_ci": [
        0.0,
        0.3244156195108769
      ]
    },
    "qwen3.5-9b|naive_aware": {
      "n": 24,
      "silent_wrong": 3,
      "silent_wrong_rate": 0.125,
      "silent_wrong_ci": [
        0.04344255039315584,
        0.3100428814785757
      ]
    },
    "qwen3.5-9b|parsing": {
      "n": 8,
      "silent_wrong": 0,
      "silent_wrong_rate": 0.0,
      "silent_wrong_ci": [
        0.0,
        0.3244156195108769
      ]
    },
    "qwen3.5-9b|tz_conversion": {
      "n": 16,
      "silent_wrong": 2,
      "silent_wrong_rate": 0.125,
      "silent_wrong_ci": [
        0.034976749337057134,
        0.3602333143674828
      ]
    }
  },
  "families": [
    "calendar",
    "dst",
    "epoch",
    "naive_aware",
    "parsing",
    "tz_conversion"
  ],
  "stamp": "20260711_090427",
  "tzdata": "2025b",
  "total_cost_usd": 0.0685,
  "total_tokens_out": 88564,
  "n_generations": 304,
  "dry_run": false
}